"","Sample_Name","Tube_Sample","Sample","Group","Seedling_sp","Mother_sp","Seedling_ID","Soil_ID","Tube_label","Seedling_status_at_collection","Date_sample_collected","Extraction_date","Sample_type","Sample_weight_mg","Notes"
"1","STRI_F_L001","F_L001","L001","FUN",NA,NA,"12855_0820_1_06",NA,"L001","Healthy",20190924,NA,"Sterile leaf",47.2,""
"2","STRI_F_L003","F_L003","L003","FUN",NA,NA,"12855_1901_1_01",NA,"L003","Healthy",20190924,NA,"Sterile leaf",51.5,""
"3","STRI_F_L004","F_L004","L004","FUN",NA,NA,"12855_0820_1_08",NA,"L004","Healthy",20191011,NA,"Sterile leaf",50.4,""
"4","STRI_F_L005","F_L005","L005","FUN",NA,NA,"02512_0820_1_11",NA,"L005","Healthy",20191011,NA,"Sterile leaf",44.1,""
"5","STRI_F_L010","F_L010","L010","FUN",NA,NA,"13665_1901_1_02",NA,"L010","",20190927,NA,"Sterile leaf",49.6,""
"6","STRI_F_L018","F_L018","L018","FUN",NA,NA,"12249_0820_1_05",NA,"L018","",20190927,NA,"Sterile leaf",49.6,""
"7","STRI_F_L025","F_L025","L025","FUN",NA,NA,"12249_0803_1_01",NA,"L025","",20190927,NA,"Sterile leaf",55.4,""
"8","STRI_F_L035","F_L035","L035","FUN",NA,NA,"12525_0407_2_04",NA,"L035","",20191001,NA,"Sterile leaf",57.4,""
"9","STRI_F_L038","F_L038","L038","FUN",NA,NA,"58779_1901_1_01",NA,"L038","",20191001,NA,"Sterile leaf",61.2,""
"10","STRI_F_L050","F_L050","L050","FUN",NA,NA,"01772_0820_1_02",NA,"L050","",20191001,NA,"Sterile leaf",61.5,"Wet sample"
"11","STRI_F_L056","F_L056","L056","FUN",NA,NA,"42320_0820_1_01",NA,"L056","",20190927,NA,"Sterile leaf",51.1,""
"12","STRI_F_L059","F_L059","L059","FUN",NA,NA,"42320_0407_1_01",NA,"L059","",20190927,NA,"Sterile leaf",50.1,""
"13","STRI_F_L062","F_L062","L062","FUN",NA,NA,"03546_0407_2_01",NA,"L062","",20190927,NA,"Sterile leaf",52.8,""
"14","STRI_F_L065","F_L065","L065","FUN",NA,NA,"41607_0803_1_01",NA,"L065","",20190927,NA,"Sterile leaf",14.5,""
"15","STRI_F_L068","F_L068","L068","FUN",NA,NA,"01772_0820_1_01",NA,"L068","",20190927,NA,"Sterile leaf",55.6,""
"16","STRI_F_L071","F_L071","L071","FUN",NA,NA,"13665_0407_1_01",NA,"L071","",20190927,NA,"Sterile leaf",55.7,""
"17","STRI_F_L074","F_L074","L074","FUN",NA,NA,"01401_0820_2_02",NA,"L074","",20190926,NA,"Sterile leaf",59,""
"18","STRI_F_L077","F_L077","L077","FUN",NA,NA,"58779_0820_2_03",NA,"L077","",20190926,NA,"Sterile leaf",26.7,""
"19","STRI_F_L080","F_L080","L080","FUN",NA,NA,"42320_0820_1_06",NA,"L080","",20191011,NA,"Sterile leaf",58.4,""
"20","STRI_F_L085","F_L085","L085","FUN",NA,NA,"42320_1901_2_02",NA,"L085","",20191002,NA,"Sterile leaf",59,""
"21","STRI_F_L091","F_L091","L091","FUN",NA,NA,"42320_0803_2_03",NA,"L091","",20191002,NA,"Sterile leaf",57.4,""
"22","STRI_F_L094","F_L094","L094","FUN",NA,NA,"01401_0407_2_01",NA,"L094","",20191003,NA,"Sterile leaf",50.3,""
"23","STRI_F_L097","F_L097","L097","FUN",NA,NA,"42320_0820_1_07",NA,"L096","",20191011,NA,"Sterile leaf",51.2,""
"24","STRI_F_L101","F_L101","L101","FUN",NA,NA,"12525_0407_2_01",NA,"L101","",20191001,NA,"Sterile leaf",45.3,""
"25","STRI_F_L104","F_L104","L104","FUN",NA,NA,"41346_1901_2_01",NA,"L104","",20190924,NA,"Sterile leaf",59.2,""
"26","STRI_F_L108","F_L108","L108","FUN",NA,NA,"12249_0407_2_01",NA,"L108","",20190920,NA,"Sterile leaf",45.7,""
"27","STRI_F_L112","F_L112","L112","FUN",NA,NA,"02512_0820_2_03",NA,"L112","",20190920,NA,"Sterile leaf",56.1,""
"28","STRI_F_L114","F_L114","L114","FUN",NA,NA,"12525_0803_1_01",NA,"L114","",20190921,NA,"Sterile leaf",57.6,""
"29","STRI_F_L117","F_L117","L117","FUN",NA,NA,"13687_0820_1_01",NA,"L117","",20190921,NA,"Sterile leaf",57,""
"30","STRI_F_L120","F_L120","L120","FUN",NA,NA,"13687_0820_1_05",NA,"L120","",20190921,NA,"Sterile leaf",45.3,""
"31","STRI_F_L167","F_L167","L167","FUN",NA,NA,"01772_0803_1_04",NA,"L167","Healthy",20191004,NA,"Sterile leaf",46,""
"32","STRI_F_L170","F_L170","L170","FUN",NA,NA,"01772_0407_1_02",NA,"L170","Healthy",20191004,NA,"Sterile leaf",38,""
"33","STRI_F_L177","F_L177","L177","FUN",NA,NA,"13687_0820_1_10",NA,"L177","Healthy",20191011,NA,"Sterile leaf",50,""
"34","STRI_F_L178","F_L178","L178","FUN",NA,NA,"42320_0820_1_15",NA,"L178","Healthy",20191011,NA,"Sterile leaf",28,""
"35","STRI_F_L183","F_L183","L183","FUN",NA,NA,"42320_0407_3_01",NA,"L183","Healthy",20191011,NA,"Sterile leaf",48,""
"36","STRI_F_L186","F_L186","L186","FUN",NA,NA,"02512_0820_1_07",NA,"L186","Healthy",20191011,NA,"Sterile leaf",23,""
"37","STRI_F_L187","F_L187","L187","FUN",NA,NA,"02512_0820_1_02",NA,"L187","Healthy",20191011,NA,"Sterile leaf",33,""
"38","STRI_F_L194","F_L194","L194","FUN",NA,NA,"01772_0820_1_05",NA,"L194","",20191001,NA,"Sterile leaf",50,""
"39","STRI_F_L197","F_L197","L197","FUN",NA,NA,"01772_0407_1_03",NA,"L197","",20191001,NA,"Sterile leaf",58,""
"40","STRI_F_L200","F_L200","L200","FUN",NA,NA,"01401_0820_1_03",NA,"L200","",20191001,NA,"Sterile leaf",48,""
"41","STRI_F_L203","F_L203","L203","FUN",NA,NA,"01401_0803_1_02",NA,"L203","",20191001,NA,"Sterile leaf",46,""
"42","STRI_F_L206","F_L206","L206","FUN",NA,NA,"03546_0803_1_01",NA,"L206","",20191004,NA,"Sterile leaf",51,""
"43","STRI_F_L209","F_L209","L209","FUN",NA,NA,"01687_0820_1_04",NA,"L209","",20191004,NA,"Sterile leaf",49,""
"44","STRI_F_L212","F_L212","L212","FUN",NA,NA,"15809_0820_1_03",NA,"L212","",20191004,NA,"Sterile leaf",43,""
"45","STRI_F_L215","F_L215","L215","FUN",NA,NA,"01772_0820_1_04",NA,"L215","",20191004,NA,"Sterile leaf",48,""
"46","STRI_F_L220","F_L220","L220","FUN",NA,NA,"12855_0803_1_01",NA,"L220","",20190924,NA,"Sterile leaf",50.2,""
"47","STRI_F_L222","F_L222","L222","FUN",NA,NA,"02512_0407_1_01",NA,"L222","",20190921,NA,"Sterile leaf",57.2,""
"48","STRI_F_L224","F_L224","L224","FUN",NA,NA,"42320_1901_1_01",NA,"L224","",20190927,NA,"Sterile leaf",51.7,""
"49","STRI_F_L230","F_L230","L230","FUN",NA,NA,"12525_0820_2_01",NA,"L230","",20190917,NA,"Sterile leaf",49.5,""
"50","STRI_F_L231","F_L231","L231","FUN",NA,NA,"12525_0407_1_01",NA,"L231","",20190921,NA,"Sterile leaf",52.2,""
"51","STRI_F_L232","F_L232","L232","FUN",NA,NA,"02512_0803_3_01",NA,"L232","",20190920,NA,"Sterile leaf",49.5,""
"52","STRI_F_L235","F_L235","L235","FUN",NA,NA,"13665_0820_1_08",NA,"L235","",20190927,NA,"Sterile leaf",47.9,""
"53","STRI_F_L241","F_L241","L241","FUN",NA,NA,"13665_0803_2_01",NA,"L241","",20190918,NA,"Sterile leaf",37.5,""
"54","STRI_F_L244","F_L244","L244","FUN",NA,NA,"13665_0820_2_02",NA,"L244","",20190918,NA,"Sterile leaf",37,""
"55","STRI_F_LN1","F_LN1","LN1","FUN",NA,NA,"",NA,"","",NA,NA,"",NA,""
"56","STRI_F_LN2","F_LN2","LN2","FUN",NA,NA,"",NA,"","",NA,NA,"",NA,""
"57","STRI_F_R001","F_R001","R001","FUN",NA,NA,"12855_0820_1_06",NA,"UR001","Healthy",20190924,NA,"Unsterile root",11.2,""
"58","STRI_F_R002","F_R002","R002","FUN",NA,NA,"12855_0407_1_01",NA,"UR002","Healthy",20190924,NA,"Unsterile root",5.6,""
"59","STRI_F_R003","F_R003","R003","FUN",NA,NA,"12855_1901_1_01",NA,"UR003","Healthy",20190924,NA,"Unsterile root",13.2,""
"60","STRI_O_R003","O_R003","R003","OOMY",NA,NA,"12855_1901_1_02",NA,"UR004","Healthy",20190924,NA,"Unsterile root",13.2,""
"61","STRI_F_R004","F_R004","R004","FUN",NA,NA,"12855_0820_1_08",NA,"UR004","Healthy",20191011,NA,"Unsterile root",16.9,""
"62","STRI_O_R004","O_R004","R004","OOMY",NA,NA,"12855_0820_1_09",NA,"UR005","Healthy",20191011,NA,"Unsterile root",16.9,""
"63","STRI_F_R005","F_R005","R005","FUN",NA,NA,"02512_0820_1_11",NA,"UR005","Healthy",20191011,NA,"Unsterile root",6.2,""
"64","STRI_F_R006","F_R006","R006","FUN",NA,NA,"12249_0820_1_08",NA,"UR006","Healthy",20191011,NA,"Unsterile root",7.6,""
"65","STRI_F_R007","F_R007","R007","FUN",NA,NA,"13665_1901_1_02",NA,"UR007","",20190927,NA,"Unsterile root",3.4,""
"66","STRI_O_R007","O_R007","R007","OOMY",NA,NA,"13665_1901_1_03",NA,"UR008","",20190927,NA,"Unsterile root",3.4,""
"67","STRI_F_R011","F_R011","R011","FUN",NA,NA,"41607_0820_1_02",NA,"UR011","",20190927,NA,"Unsterile root",4.1,""
"68","STRI_O_R011","O_R011","R011","OOMY",NA,NA,"41607_0820_1_03",NA,"UR012","",20190927,NA,"Unsterile root",4.1,""
"69","STRI_F_R015","F_R015","R015","FUN",NA,NA,"12249_0820_1_05",NA,"UR015","",20190927,NA,"Unsterile root",1.7,""
"70","STRI_O_R015","O_R015","R015","OOMY",NA,NA,"12249_0820_1_06",NA,"UR016","",20190927,NA,"Unsterile root",1.7,""
"71","STRI_F_R019","F_R019","R019","FUN",NA,NA,"12249_0407_1_03",NA,"UR019","",20190927,NA,"Unsterile root",1.2,""
"72","STRI_F_R022","F_R022","R022","FUN",NA,NA,"12249_0803_1_01",NA,"UR022","",20190927,NA,"Unsterile root",0.5,""
"73","STRI_F_R026","F_R026","R026","FUN",NA,NA,"41607_0820_1_05",NA,"UR026","",20190927,NA,"Unsterile root",1.6,""
"74","STRI_F_R029","F_R029","R029","FUN",NA,NA,"01401_1901_3_02",NA,"UR029","",20190828,NA,"Unsterile root",8.1,""
"75","STRI_F_R030","F_R030","R030","FUN",NA,NA,"13687_0820_1_06",NA,"UR030","",20190826,NA,"Unsterile root",3.4,""
"76","STRI_F_R033","F_R033","R033","FUN",NA,NA,"12525_0407_2_04",NA,"UR033","",20191001,NA,"Unsterile root",21.8,"Wet sample"
"77","STRI_F_R036","F_R036","R036","FUN",NA,NA,"58779_1901_1_01",NA,"UR036","",20191001,NA,"Unsterile root",42.9,""
"78","STRI_O_R036","O_R036","R036","OOMY",NA,NA,"58779_1901_1_02",NA,"UR037","",20191001,NA,"Unsterile root",42.9,""
"79","STRI_F_R039","F_R039","R039","FUN",NA,NA,"58779_0820_1_07",NA,"UR039","",20191001,NA,"Unsterile root",36.8,""
"80","STRI_F_R042","F_R042","R042","FUN",NA,NA,"01401_0407_1_01",NA,"UR042","",20191001,NA,"Unsterile root",17.2,""
"81","STRI_O_R042","O_R042","R042","OOMY",NA,NA,"01401_0407_1_02",NA,"UR043","",20191001,NA,"Unsterile root",17.2,""
"82","STRI_F_R045","F_R045","R045","FUN",NA,NA,"01687_0820_1_02",NA,"UR045","",20191001,NA,"Unsterile root",41.9,""
"83","STRI_O_R045","O_R045","R045","OOMY",NA,NA,"01687_0820_1_03",NA,"UR046","",20191001,NA,"Unsterile root",41.9,""
"84","STRI_F_R048","F_R048","R048","FUN",NA,NA,"01772_0820_1_02",NA,"UR048","",20191001,NA,"Unsterile root",58.3,""
"85","STRI_F_R051","F_R051","R051","FUN",NA,NA,"41607_1901_2_04",NA,"UR051","",20191001,NA,"Unsterile root",13.8,""
"86","STRI_F_R053","F_R053","R053","FUN",NA,NA,"12249_1901_3_01",NA,"UR053","",20190911,NA,"Unsterile root",38,""
"87","STRI_F_R054","F_R054","R054","FUN",NA,NA,"42320_0820_1_01",NA,"UR054","",20190927,NA,"Unsterile root",2.1,""
"88","STRI_F_R057","F_R057","R057","FUN",NA,NA,"42320_0407_1_01",NA,"UR057","",20190927,NA,"Unsterile root",1.4,""
"89","STRI_O_R057","O_R057","R057","OOMY",NA,NA,"42320_0407_1_02",NA,"UR058","",20190927,NA,"Unsterile root",1.4,""
"90","STRI_F_R060","F_R060","R060","FUN",NA,NA,"03546_0407_2_01",NA,"UR060","",20190927,NA,"Unsterile root",8.6,""
"91","STRI_F_R063","F_R063","R063","FUN",NA,NA,"41607_0803_1_01",NA,"UR063","",20190927,NA,"Unsterile root",0.2,""
"92","STRI_F_R066","F_R066","R066","FUN",NA,NA,"01772_0820_1_01",NA,"UR066","",20190927,NA,"Unsterile root",2.3,""
"93","STRI_F_R069","F_R069","R069","FUN",NA,NA,"13665_0407_1_01",NA,"UR069","",20190927,NA,"Unsterile root",1.5,""
"94","STRI_F_R072","F_R072","R072","FUN",NA,NA,"01401_0820_2_02",NA,"UR072","",20190926,NA,"Unsterile root",4.8,""
"95","STRI_F_R075","F_R075","R075","FUN",NA,NA,"58779_0820_2_03",NA,"UR075","",20190926,NA,"Unsterile root",4.7,""
"96","STRI_F_R078","F_R078","R078","FUN",NA,NA,"42320_0820_1_06",NA,"UR078","",20191011,NA,"Unsterile root",13,""
"97","STRI_F_R083","F_R083","R083","FUN",NA,NA,"42320_1901_2_02",NA,"UR083","",20191002,NA,"Unsterile root",43.4,""
"98","STRI_F_R086","F_R086","R086","FUN",NA,NA,"15809_0407_2_01",NA,"UR086","",20191007,NA,"Unsterile root",52.8,""
"99","STRI_O_R086","O_R086","R086","OOMY",NA,NA,"15809_0407_2_02",NA,"UR087","",20191007,NA,"Unsterile root",52.8,""
"100","STRI_F_R089","F_R089","R089","FUN",NA,NA,"42320_0803_2_03",NA,"UR089","",20191002,NA,"Unsterile root",15.7,""
"101","STRI_O_R089","O_R089","R089","OOMY",NA,NA,"42320_0803_2_04",NA,"UR090","",20191002,NA,"Unsterile root",15.7,""
"102","STRI_F_R092","F_R092","R092","FUN",NA,NA,"01401_0407_2_01",NA,"UR092","",20191003,NA,"Unsterile root",32.3,""
"103","STRI_F_R095","F_R095","R095","FUN",NA,NA,"42320_0820_1_07",NA,"UR095","",20191011,NA,"Unsterile root",9.5,""
"104","STRI_F_R098","F_R098","R098","FUN",NA,NA,"58779_0820_1_08",NA,"UR098","",20190814,NA,"Unsterile root",2.1,""
"105","STRI_F_R099","F_R099","R099","FUN",NA,NA,"12249_0820_1_04",NA,"UR099","",20190903,NA,"Unsterile root",1.7,""
"106","STRI_F_R102","F_R102","R102","FUN",NA,NA,"42320_1901_1_01",NA,"UR102","",20190927,NA,"Unsterile root",3.5,""
"107","STRI_O_R102","O_R102","R102","OOMY",NA,NA,"42320_1901_1_02",NA,"UR103","",20190927,NA,"Unsterile root",3.5,""
"108","STRI_F_R106","F_R106","R106","FUN",NA,NA,"12249_0407_2_01",NA,"UR106","",20190920,NA,"Unsterile root",0.9,""
"109","STRI_F_R109","F_R109","R109","FUN",NA,NA,"13687_0803_1_01",NA,"UR109","",20190921,NA,"Unsterile root",42.1,""
"110","STRI_F_R115","F_R115","R115","FUN",NA,NA,"13687_0820_1_01",NA,"UR115","",20190921,NA,"Unsterile root",50.3,""
"111","STRI_O_R115","O_R115","R115","OOMY",NA,NA,"13687_0820_1_02",NA,"UR116","",20190921,NA,"Unsterile root",50.3,""
"112","STRI_F_R118","F_R118","R118","FUN",NA,NA,"13687_0820_1_05",NA,"UR118","",20190921,NA,"Unsterile root",39,""
"113","STRI_O_R118","O_R118","R118","OOMY",NA,NA,"13687_0820_1_06",NA,"UR119","",20190921,NA,"Unsterile root",39,""
"114","STRI_F_R121","F_R121","R121","FUN",NA,NA,"58779_0803_3_03",NA,"UR121","",20190828,NA,"Unsterile root",5.5,""
"115","STRI_F_R123","F_R123","R123","FUN",NA,NA,"01687_0803_3_01",NA,"UR123","",20190826,NA,"Unsterile root",4.4,"Broken tube, so partial sample lost"
"116","STRI_F_R124","F_R124","R124","FUN",NA,NA,"01772_0803_3_01",NA,"UR124","",20190826,NA,"Unsterile root",4.1,""
"117","STRI_O_R124","O_R124","R124","OOMY",NA,NA,"01772_0803_3_02",NA,"UR125","",20190826,NA,"Unsterile root",4.1,""
"118","STRI_F_R125","F_R125","R125","FUN",NA,NA,"13665_0407_3_01",NA,"UR125","",20190822,NA,"Unsterile root",8.1,""
"119","STRI_F_R127","F_R127","R127","FUN",NA,NA,"03546_0407_3_01",NA,"UR127","",20190822,NA,"Unsterile root",8.5,""
"120","STRI_F_R128","F_R128","R128","FUN",NA,NA,"01401_1901_3_01",NA,"UR128","",20190822,NA,"Unsterile root",28.3,""
"121","STRI_F_R129","F_R129","R129","FUN",NA,NA,"01687_0803_3_03",NA,"UR129","",20190826,NA,"Unsterile root",6,""
"122","STRI_O_R129","O_R129","R129","OOMY",NA,NA,"01687_0803_3_04",NA,"UR130","",20190826,NA,"Unsterile root",6,""
"123","STRI_F_R130","F_R130","R130","FUN",NA,NA,"03546_0407_3_02",NA,"UR130","",20190822,NA,"Unsterile root",17,""
"124","STRI_O_R130","O_R130","R130","OOMY",NA,NA,"03546_0407_3_03",NA,"UR131","",20190822,NA,"Unsterile root",17,""
"125","STRI_F_R131","F_R131","R131","FUN",NA,NA,"01772_1901_3_01",NA,"UR131","",20190826,NA,"Unsterile root",4.8,""
"126","STRI_O_R131","O_R131","R131","OOMY",NA,NA,"01772_1901_3_02",NA,"UR132","",20190826,NA,"Unsterile root",4.8,""
"127","STRI_F_R132","F_R132","R132","FUN",NA,NA,"03546_0803_3_02",NA,"UR132","",20190822,NA,"Unsterile root",5,""
"128","STRI_F_R133","F_R133","R133","FUN",NA,NA,"01772_1901_3_02",NA,"UR133","",20190826,NA,"Unsterile root",21.3,""
"129","STRI_O_R133","O_R133","R133","OOMY",NA,NA,"01772_1901_3_03",NA,"UR134","",20190826,NA,"Unsterile root",21.3,""
"130","STRI_F_R135","F_R135","R135","FUN",NA,NA,"41346_0407_1_01",NA,"UR135","",20190822,NA,"Unsterile root",6.5,""
"131","STRI_F_R136","F_R136","R136","FUN",NA,NA,"15809_1901_3_01",NA,"UR136","",20190822,NA,"Unsterile root",11.6,""
"132","STRI_O_R136","O_R136","R136","OOMY",NA,NA,"15809_1901_3_02",NA,"UR137","",20190822,NA,"Unsterile root",11.6,""
"133","STRI_F_R137","F_R137","R137","FUN",NA,NA,"41346_1901_3_01",NA,"UR137","",20190822,NA,"Unsterile root",13.8,""
"134","STRI_F_R138","F_R138","R138","FUN",NA,NA,"12249_0820_3_02",NA,"UR138","",20190822,NA,"Unsterile root",5.8,""
"135","STRI_F_R139","F_R139","R139","FUN",NA,NA,"15809_0820_1_02",NA,"UR139","",20190826,NA,"Unsterile root",3.4,""
"136","STRI_O_R139","O_R139","R139","OOMY",NA,NA,"15809_0820_1_03",NA,"UR140","",20190826,NA,"Unsterile root",3.4,""
"137","STRI_F_R140","F_R140","R140","FUN",NA,NA,"01772_0803_3_02",NA,"UR140","",20190826,NA,"Unsterile root",2,""
"138","STRI_O_R140","O_R140","R140","OOMY",NA,NA,"01772_0803_3_03",NA,"UR141","",20190826,NA,"Unsterile root",2,""
"139","STRI_F_R141","F_R141","R141","FUN",NA,NA,"01772_0803_3_03",NA,"UR141","",20190826,NA,"Unsterile root",3.8,""
"140","STRI_F_R142","F_R142","R142","FUN",NA,NA,"12855_0407_3_01",NA,"UR142","",20190820,NA,"Unsterile root",9.2,""
"141","STRI_F_R143","F_R143","R143","FUN",NA,NA,"58779_0803_1_01",NA,"UR143","",20190822,NA,"Unsterile root",4.4,""
"142","STRI_F_R144","F_R144","R144","FUN",NA,NA,"41346_0803_1_03",NA,"UR144","",20190822,NA,"Unsterile root",8.7,""
"143","STRI_F_R145","F_R145","R145","FUN",NA,NA,"42320_0803_3_01",NA,"UR145","",20190828,NA,"Unsterile root",4.2,""
"144","STRI_F_R146","F_R146","R146","FUN",NA,NA,"42320_0820_1_04",NA,"UR146","",20190820,NA,"Unsterile root",3.9,"Lost some sample to cracked tube"
"145","STRI_F_R147","F_R147","R147","FUN",NA,NA,"42320_1901_3_03",NA,"UR147","",20190820,NA,"Unsterile root",4.4,""
"146","STRI_O_R147","O_R147","R147","OOMY",NA,NA,"42320_1901_3_04",NA,"UR148","",20190820,NA,"Unsterile root",4.4,""
"147","STRI_F_R148","F_R148","R148","FUN",NA,NA,"12855_0803_3_01",NA,"UR148","",20190826,NA,"Unsterile root",7.9,"Lost some sample to cracked tube"
"148","STRI_F_R149","F_R149","R149","FUN",NA,NA,"41607_0803_3_01",NA,"UR149","",20190820,NA,"Unsterile root",6.4,""
"149","STRI_F_R150","F_R150","R150","FUN",NA,NA,"13687_0407_3_01",NA,"UR150","",20190828,NA,"Unsterile root",2.8,""
"150","STRI_F_R151","F_R151","R151","FUN",NA,NA,"01401_0803_1_04",NA,"UR151","",20190828,NA,"Unsterile root",3.6,""
"151","STRI_O_R151","O_R151","R151","OOMY",NA,NA,"01401_0803_1_05",NA,"UR152","",20190828,NA,"Unsterile root",3.6,""
"152","STRI_F_R152","F_R152","R152","FUN",NA,NA,"01401_0820_1_05",NA,"UR152","",20190828,NA,"Unsterile root",2.1,""
"153","STRI_F_R153","F_R153","R153","FUN",NA,NA,"01401_0820_1_02",NA,"UR153","",20190828,NA,"Unsterile root",8,""
"154","STRI_F_R154","F_R154","R154","FUN",NA,NA,"58779_0407_3_01",NA,"UR154","",20190828,NA,"Unsterile root",13.9,""
"155","STRI_O_R154","O_R154","R154","OOMY",NA,NA,"58779_0407_3_02",NA,"UR155","",20190828,NA,"Unsterile root",13.9,""
"156","STRI_F_R155","F_R155","R155","FUN",NA,NA,"58779_0803_3_02",NA,"UR155","",20190828,NA,"Unsterile root",4.3,""
"157","STRI_F_R156","F_R156","R156","FUN",NA,NA,"58779_0803_3_01",NA,"UR156","",20190828,NA,"Unsterile root",11.3,""
"158","STRI_F_R157","F_R157","R157","FUN",NA,NA,"58779_0820_1_04",NA,"UR157","",20190828,NA,"Unsterile root",2.1,""
"159","STRI_F_R158","F_R158","R158","FUN",NA,NA,"42320_0820_1_02",NA,"UR158","",20190828,NA,"Unsterile root",23.9,"No way to tell which one is 2 and which one is 8, but think the heaver one must be 2, because 8 was tiny"
"160","STRI_O_R158","O_R158","R158","OOMY",NA,NA,"42320_0820_1_03",NA,"UR159","",20190828,NA,"Unsterile root",23.9,"No way to tell which one is 2 and which one is 8, but think the heaver one must be 2, because 8 was tiny"
"161","STRI_F_R159","F_R159","R159","FUN",NA,NA,"42320_0820_1_08",NA,"UR159","",20190828,NA,"Unsterile root",8.1,""
"162","STRI_F_R160","F_R160","R160","FUN",NA,NA,"42320_1901_3_01",NA,"UR160","",20190828,NA,"Unsterile root",1.5,""
"163","STRI_F_R161","F_R161","R161","FUN",NA,NA,"12855_0803_1_01",NA,"UR161","",20190924,NA,"Unsterile root",2.2,""
"164","STRI_F_R162","F_R162","R162","FUN",NA,NA,"42320_1901_3_02",NA,"UR162","",20190828,NA,"Unsterile root",7.9,""
"165","STRI_F_R163","F_R163","R163","FUN",NA,NA,"13687_0407_3_02",NA,"UR163","",20190828,NA,"Unsterile root",1.5,""
"166","STRI_F_R164","F_R164","R164","FUN",NA,NA,"42320_0803_3_02",NA,"UR164","",20190828,NA,"Unsterile root",4.1,""
"167","STRI_F_R165","F_R165","R165","FUN",NA,NA,"12855_0820_1_01",NA,"UR165","",20190814,NA,"Unsterile root",3.7,""
"168","STRI_F_R166","F_R166","R166","FUN",NA,NA,"02512_0820_1_01",NA,"UR166","",20190814,NA,"Unsterile root",3,""
"169","STRI_F_R169","F_R169","R169","FUN",NA,NA,"01772_0803_1_04",NA,"UR169","Healthy",20191004,NA,"Unsterile root",NA,""
"170","STRI_F_R172","F_R172","R172","FUN",NA,NA,"01772_0407_1_02",NA,"UR172","Healthy",20191004,NA,"Unsterile root",6,""
"171","STRI_O_R172","O_R172","R172","OOMY",NA,NA,"01772_0407_1_03",NA,"UR173","Healthy",20191004,NA,"Unsterile root",6,""
"172","STRI_F_R173","F_R173","R173","FUN",NA,NA,"01687_0820_1_08",NA,"UR173","Healthy",20191004,NA,"Unsterile root",5,""
"173","STRI_F_R175","F_R175","R175","FUN",NA,NA,"13687_0820_1_10",NA,"UR175","Healthy",20191011,NA,"Unsterile root",26,""
"174","STRI_F_R180","F_R180","R180","FUN",NA,NA,"42320_0820_1_15",NA,"UR180","Healthy",20191011,NA,"Unsterile root",8,""
"175","STRI_F_R181","F_R181","R181","FUN",NA,NA,"42320_0407_3_01",NA,"UR181","Healthy",20191011,NA,"Unsterile root",NA,""
"176","STRI_F_R184","F_R184","R184","FUN",NA,NA,"02512_0820_1_07",NA,"UR184","Healthy",20191011,NA,"Unsterile root",3,""
"177","STRI_F_R189","F_R189","R189","FUN",NA,NA,"02512_0820_1_02",NA,"UR189","Healthy",20191011,NA,"Unsterile root",16,""
"178","STRI_F_R191","F_R191","R191","FUN",NA,NA,"12249_0820_1_06",NA,"UR191","",20190903,NA,"Unsterile root",NA,""
"179","STRI_F_R192","F_R192","R192","FUN",NA,NA,"01772_0820_1_05",NA,"UR192","",20191001,NA,"Unsterile root",38,""
"180","STRI_F_R195","F_R195","R195","FUN",NA,NA,"01772_0407_1_03",NA,"UR195","",20191001,NA,"Unsterile root",27,""
"181","STRI_F_R198","F_R198","R198","FUN",NA,NA,"58779_0803_2_02",NA,"UR198","",20190926,NA,"Unsterile root",NA,""
"182","STRI_F_R201","F_R201","R201","FUN",NA,NA,"01401_0803_1_02",NA,"UR201","",20191001,NA,"Unsterile root",46,""
"183","STRI_F_R204","F_R204","R204","FUN",NA,NA,"03546_0803_1_01",NA,"UR204","",20191004,NA,"Unsterile root",10,""
"184","STRI_F_R207","F_R207","R207","FUN",NA,NA,"01687_0820_1_04",NA,"UR207","",20191004,NA,"Unsterile root",13,""
"185","STRI_F_R210","F_R210","R210","FUN",NA,NA,"15809_0820_1_03",NA,"UR210","",20191004,NA,"Unsterile root",6,""
"186","STRI_O_R210","O_R210","R210","OOMY",NA,NA,"15809_0820_1_04",NA,"UR211","",20191004,NA,"Unsterile root",6,""
"187","STRI_F_R213","F_R213","R213","FUN",NA,NA,"01772_0820_1_04",NA,"UR213","",20191004,NA,"Unsterile root",22,""
"188","STRI_F_R216","F_R216","R216","FUN",NA,NA,"02512_1901_3_01",NA,"UR216","",20190903,NA,"Unsterile root",26.4,""
"189","STRI_O_R216","O_R216","R216","OOMY",NA,NA,"02512_1901_3_02",NA,"UR217","",20190903,NA,"Unsterile root",26.4,""
"190","STRI_F_R217","F_R217","R217","FUN",NA,NA,"01401_0803_3_01",NA,"UR217","",20190814,NA,"Unsterile root",2.5,""
"191","STRI_F_R218","F_R218","R218","FUN",NA,NA,"01772_0803_3_04",NA,"UR218","",20190814,NA,"Unsterile root",0.4,""
"192","STRI_F_R225","F_R225","R225","FUN",NA,NA,"42320_0803_1_01",NA,"UR225","",20190828,NA,"Unsterile root",3.2,""
"193","STRI_F_R226","F_R226","R226","FUN",NA,NA,"",NA,"","",NA,NA,"",NA,""
"194","STRI_F_R227","F_R227","R227","FUN",NA,NA,"42320_0407_2_02",NA,"UR227","",20190908,NA,"Unsterile root",8.7,"Not sure where this one came from"
"195","STRI_O_R227","O_R227","R227","OOMY",NA,NA,"42320_0407_2_03",NA,"UR228","",20190908,NA,"Unsterile root",8.7,"Not sure where this one came from"
"196","STRI_F_R228","F_R228","R228","FUN",NA,NA,"15809_0407_3_01",NA,"UR228","",20190814,NA,"Unsterile root",2.4,""
"197","STRI_F_R238","F_R238","R238","FUN",NA,NA,"01401_0820_1_08",NA,"UR238","",20190918,NA,"Unsterile root",13.1,""
"198","STRI_O_R238","O_R238","R238","OOMY",NA,NA,"01401_0820_1_09",NA,"UR239","",20190918,NA,"Unsterile root",13.1,""
"199","STRI_F_R239","F_R239","R239","FUN",NA,NA,"13665_0820_2_02",NA,"UR239","",20190918,NA,"Unsterile root",8.5,""
"200","STRI_F_R240","F_R240","R240","FUN",NA,NA,"13665_0803_2_01",NA,"UR240","",20190918,NA,"Unsterile root",3.5,""
"201","STRI_F_R247","F_R247","R247","FUN",NA,NA,"12249_1901_2_01",NA,"UR247","",20191001,NA,"Unsterile root",8.2,""
"202","STRI_O_R247","O_R247","R247","OOMY",NA,NA,"12249_1901_2_02",NA,"UR248","",20191001,NA,"Unsterile root",8.2,""
"203","STRI_F_R248","F_R248","R248","FUN",NA,NA,"12525_0407_2_01",NA,"UR248","",20191001,NA,"Unsterile root",3.5,""
"204","STRI_F_R249","F_R249","R249","FUN",NA,NA,"13665_0820_1_08",NA,"UR249","",20190920,NA,"Unsterile root",1.4,""
"205","STRI_F_R251","F_R251","R251","FUN",NA,NA,"02512_0803_3_01",NA,"UR250","",20190920,NA,"Unsterile root",4.5,"Broken extraction tube, had to discard"
"206","STRI_F_R252","F_R252","R252","FUN",NA,NA,"02512_0407_2_01",NA,"UR252","",20190917,NA,"Unsterile root",37.8,"Chunky"
"207","STRI_F_R253","F_R253","R253","FUN",NA,NA,"02512_0407_1_01",NA,"UR253","",20190921,NA,"Unsterile root",32.7,"Chunky"
"208","STRI_F_R254","F_R254","R254","FUN",NA,NA,"12525_0820_2_01",NA,"UR254","",20190917,NA,"Unsterile root",11.9,""
"209","STRI_F_R255","F_R255","R255","FUN",NA,NA,"13665_0820_1_02",NA,"UR255","",20190903,NA,"Unsterile root",0.7,""
"210","STRI_F_R256","F_R256","R256","FUN",NA,NA,"13665_0820_3_01",NA,"UR256","",20190903,NA,"Unsterile root",6,"Dropped on bench"
"211","STRI_F_R257","F_R257","R257","FUN",NA,NA,"13687_0820_1_06",NA,"UR257","",20190903,NA,"Unsterile root",4.3,""
"212","STRI_O_R257","O_R257","R257","OOMY",NA,NA,"13687_0820_1_07",NA,"UR258","",20190903,NA,"Unsterile root",4.3,""
"213","STRI_O_S043","O_S043","S043","OOMY",NA,NA,"",NA,"","",NA,NA,"",NA,""
"214","STRI_O_S059","O_S059","S059","OOMY",NA,NA,"",NA,"","",NA,NA,"",NA,""
"215","STRI_O_S062","O_S062","S062","OOMY",NA,NA,"",NA,"","",NA,NA,"",NA,""
"216","STRI_O_S063","O_S063","S063","OOMY",NA,NA,"",NA,"","",NA,NA,"",NA,""
"217","STRI_F_SN2","F_SN2","SN2","FUN",NA,NA,"",NA,"","",NA,NA,"",NA,""
"218","STRI_A_SN2","A_SN2","SN2","AMF",NA,NA,"",NA,"","",NA,NA,"",NA,""
"219","STRI_O_SN2","O_SN2","SN2","OOMY",NA,NA,"",NA,"","",NA,NA,"",NA,""
"220","STRI_F_SR001","F_SR001","SR001","FUN",NA,NA,"12855_0820_1_06",NA,"SR001","Healthy",20190924,NA,"Sterile root",4.5,""
"221","STRI_F_SR002","F_SR002","SR002","FUN",NA,NA,"12855_0407_1_01",NA,"SR002","Healthy",20190924,NA,"Sterile root",3.8,""
"222","STRI_F_SR003","F_SR003","SR003","FUN",NA,NA,"12855_1901_1_01",NA,"SR003","Healthy",20190924,NA,"Sterile root",6.2,""
"223","STRI_F_SR005","F_SR005","SR005","FUN",NA,NA,"02512_0820_1_11",NA,"SR005","Healthy",20191011,NA,"Sterile root",2.7,""
"224","STRI_F_SR008","F_SR008","SR008","FUN",NA,NA,"13665_1901_1_02",NA,"SR008","",20190927,NA,"Sterile root",19,""
"225","STRI_A_SR008","A_SR008","SR008","AMF",NA,NA,"13665_1901_1_03",NA,"SR009","",20190927,NA,"Sterile root",19,""
"226","STRI_F_SR012","F_SR012","SR012","FUN",NA,NA,"41607_0820_1_02",NA,"SR012","",20190927,NA,"Sterile root",3.2,""
"227","STRI_F_SR016","F_SR016","SR016","FUN",NA,NA,"12249_0820_1_05",NA,"SR016","",20190927,NA,"Sterile root",1.8,""
"228","STRI_F_SR023","F_SR023","SR023","FUN",NA,NA,"12249_0803_1_01",NA,"SR023","",20190927,NA,"Sterile root",1.8,""
